food_name,aliases,basis_amount,basis_unit,calories,protein_g,carbs_g,fat_g,fiber_g,source,verified
Fairlife Fat Free Milk,fairlife ff|fair life ff|fl ff|fairlife fat free|fat free fairlife,1,cup,80.0,13.0,,,,personal verified food,True
Chicken Breast Cooked,chicken|chicken breast|cooked chicken|grilled chicken|chikn breast,100,g,165.0,31.0,0.0,3.6,0.0,generic verified food,True
Chicken Breast Raw,chicken breast raw|raw chicken breast,100,g,120.0,22.5,0.0,2.62,0.0,USDA SR Legacy FDC 171077,True
Chicken Thigh Raw,chicken thigh raw|raw chicken thigh,100,g,121.0,19.66,0.0,4.12,0.0,USDA SR Legacy FDC 173627,True
Chicken Thigh Cooked,chicken thigh cooked|cooked chicken thigh,100,g,195.0,25.0,0.0,9.79,0.0,USDA SR Legacy FDC 172389,True
Chicken Drumstick Raw,chicken drumstick raw|raw chicken drumstick,100,g,116.0,19.41,0.0,3.71,0.0,USDA SR Legacy FDC 173614,True
Chicken Drumstick Cooked,chicken drumstick cooked|cooked chicken drumstick,100,g,169.0,27.5,0.0,5.71,0.0,USDA SR Legacy FDC 172377,True
Chicken Wing Raw,chicken wing raw|raw chicken wing,100,g,126.0,21.97,0.0,3.54,0.0,USDA SR Legacy FDC 173632,True
Chicken Wing Cooked,chicken wing cooked|cooked chicken wing,100,g,181.0,27.18,0.0,7.18,0.0,USDA SR Legacy FDC 172393,True
Turkey Breast Raw,turkey breast raw|raw turkey breast,100,g,114.0,23.66,0.14,1.48,0.0,USDA SR Legacy FDC 171098,True
Turkey Breast Cooked,turkey breast cooked|cooked turkey breast,100,g,147.0,30.13,0.0,2.08,0.0,USDA SR Legacy FDC 171496,True
Ground Turkey 93/7 Raw,ground turkey 93/7 raw|raw ground turkey 93/7|93/7 ground turkey|ground turkey 93/7,100,g,150.0,18.73,0.0,8.34,0.0,USDA SR Legacy FDC 172850,True
Ground Turkey 93/7 Cooked,ground turkey 93/7 cooked|cooked ground turkey 93/7|93/7 ground turkey|ground turkey 93/7,100,g,207.0,25.86,0.0,11.45,0.0,USDA SR Legacy FDC 174492,True
Ground Beef 95/5 Raw,ground beef 95/5 raw|raw ground beef 95/5|95/5 ground beef|ground beef 95/5,100,g,137.0,21.41,0.0,5.0,0.0,USDA SR Legacy FDC 171790,True
Ground Beef 95/5 Cooked,ground beef 95/5 cooked|cooked ground beef 95/5|95/5 ground beef|ground beef 95/5,100,g,174.0,27.31,0.0,6.37,0.0,USDA SR Legacy FDC 174029,True
Beef Top Sirloin Raw,beef top sirloin raw|raw beef top sirloin,100,g,131.0,22.09,0.0,4.08,0.0,USDA SR Legacy FDC 174055,True
Beef Top Sirloin Cooked,beef top sirloin cooked|cooked beef top sirloin,100,g,183.0,30.55,0.0,5.79,0.0,USDA SR Legacy FDC 168634,True
Beef Tenderloin Raw,beef tenderloin raw|raw beef tenderloin,100,g,153.0,22.12,0.0,6.52,0.0,USDA SR Legacy FDC 171812,True
Beef Tenderloin Cooked,beef tenderloin cooked|cooked beef tenderloin,100,g,200.0,29.04,0.0,8.39,0.0,USDA SR Legacy FDC 171811,True
Beef Ribeye Raw,beef ribeye raw|raw beef ribeye,100,g,180.0,19.7,1.51,10.6,0.0,USDA SR Legacy FDC 173057,True
Beef Ribeye Cooked,beef ribeye cooked|cooked beef ribeye,100,g,246.0,24.66,1.53,15.7,0.0,USDA SR Legacy FDC 173054,True
Beef Chuck Raw,beef chuck raw|raw beef chuck,100,g,129.0,19.63,0.0,5.02,0.0,USDA SR Legacy FDC 174018,True
Beef Chuck Cooked,beef chuck cooked|cooked beef chuck,100,g,172.0,26.82,0.0,6.34,0.0,USDA SR Legacy FDC 174019,True
Beef Round Raw,beef round raw|raw beef round,100,g,135.0,22.91,0.0,4.09,0.0,USDA SR Legacy FDC 171816,True
Beef Round Cooked,beef round cooked|cooked beef round,100,g,209.0,35.62,0.0,6.31,0.0,USDA SR Legacy FDC 170638,True
Beef Brisket Raw,beef brisket raw|raw beef brisket,100,g,127.0,21.57,0.0,3.84,0.0,USDA SR Legacy FDC 174048,True
Beef Brisket Cooked,beef brisket cooked|cooked beef brisket,100,g,205.0,33.26,0.0,6.99,0.0,USDA SR Legacy FDC 170210,True
Pork Loin Raw,pork loin raw|raw pork loin,100,g,143.0,21.43,0.0,5.66,0.0,USDA SR Legacy FDC 168230,True
Pork Loin Cooked,pork loin cooked|cooked pork loin,100,g,204.0,28.57,0.0,9.12,0.0,USDA SR Legacy FDC 168231,True
Pork Chop Raw,pork chop raw|raw pork chop,100,g,127.0,21.99,0.0,3.71,0.0,USDA SR Legacy FDC 167829,True
Pork Chop Cooked,pork chop cooked|cooked pork chop,100,g,200.0,30.2,0.0,7.86,0.0,USDA SR Legacy FDC 168239,True
Pork Tenderloin Raw,pork tenderloin raw|raw pork tenderloin,100,g,109.0,20.95,0.0,2.17,0.0,USDA SR Legacy FDC 168249,True
Pork Tenderloin Cooked,pork tenderloin cooked|cooked pork tenderloin,100,g,143.0,26.17,0.0,3.51,0.0,USDA SR Legacy FDC 168250,True
Pork Shoulder Raw,pork shoulder raw|raw pork shoulder,100,g,148.0,19.55,0.0,7.14,0.0,USDA SR Legacy FDC 167845,True
Pork Shoulder Cooked,pork shoulder cooked|cooked pork shoulder,100,g,230.0,25.33,0.0,13.54,0.0,USDA SR Legacy FDC 167846,True
Salmon Raw,salmon raw|raw salmon,100,g,142.0,19.84,0.0,6.34,0.0,USDA SR Legacy FDC 173686,True
Salmon Cooked,salmon cooked|cooked salmon,100,g,182.0,25.44,0.0,8.13,0.0,USDA SR Legacy FDC 171998,True
Tilapia Raw,tilapia raw|raw tilapia,100,g,96.0,20.08,0.0,1.7,0.0,USDA SR Legacy FDC 175176,True
Tilapia Cooked,tilapia cooked|cooked tilapia,100,g,128.0,26.15,0.0,2.65,0.0,USDA SR Legacy FDC 175177,True
Tuna Raw,tuna raw|raw tuna,100,g,109.0,24.4,0.0,0.49,0.0,USDA SR Legacy FDC 175159,True
Tuna Cooked,tuna cooked|cooked tuna,100,g,130.0,29.15,0.0,0.59,0.0,USDA SR Legacy FDC 172006,True
Shrimp Raw,shrimp raw|raw shrimp,100,g,71.0,13.61,0.91,1.01,0.0,USDA SR Legacy FDC 174210,True
Shrimp Cooked,shrimp cooked|cooked shrimp,100,g,119.0,22.78,1.52,1.7,0.0,USDA SR Legacy FDC 171971,True
Cod Raw,cod raw|raw cod,100,g,82.0,17.81,0.0,0.67,0.0,USDA SR Legacy FDC 171955,True
Cod Cooked,cod cooked|cooked cod,100,g,105.0,22.83,0.0,0.86,0.0,USDA SR Legacy FDC 171956,True
Egg Whole Raw,whole egg raw|raw whole egg|raw egg,100,g,143.0,12.56,0.72,9.51,0.0,USDA SR Legacy FDC 171287,True
Egg Whole Cooked,egg|eggs|whole egg cooked|cooked whole egg|cooked egg,100,g,143.0,12.51,0.71,9.47,0.0,USDA SR Legacy FDC 172186,True
Greek Yogurt Plain Nonfat,greek yogurt|nonfat greek yogurt|fat free greek yogurt|plain greek yogurt,100,g,54.0,9.53,3.43,0.24,0.2,USDA SR Legacy FDC 171312,True
Greek Yogurt Plain Lowfat,lowfat greek yogurt|low fat greek yogurt,100,g,73.0,9.95,3.94,1.92,0.0,USDA SR Legacy FDC 170903,True
Cottage Cheese 1%,1% cottage cheese|cottage cheese 1%,100,g,72.0,12.39,2.72,1.02,0.0,USDA SR Legacy FDC 173417,True
Cottage Cheese 2%,2% cottage cheese|cottage cheese 2%,100,g,81.0,10.45,4.76,2.27,0.0,USDA SR Legacy FDC 172182,True
Cheddar Cheese,cheddar|cheddar cheese,100,g,403.0,22.87,3.37,33.31,0.0,USDA SR Legacy FDC 173414,True
Mozzarella Whole Milk,whole milk mozzarella|mozzarella cheese,100,g,299.0,22.17,2.4,22.14,0.0,USDA SR Legacy FDC 170845,True
Whole Milk,whole milk,100,g,61.0,3.15,4.8,3.25,0.0,USDA SR Legacy FDC 171265,True
Milk 2%,2% milk|two percent milk,100,g,50.0,3.3,4.8,1.98,0.0,USDA SR Legacy FDC 171267,True
Milk 1%,1% milk|one percent milk,100,g,42.0,3.37,4.99,0.97,0.0,USDA SR Legacy FDC 173441,True
Fat Free Milk,fat free milk|skim milk|nonfat milk,100,g,35.0,3.4,4.85,0.18,0.0,USDA SR Legacy FDC 169868,True
White Rice Cooked,white rice|cooked white rice|rice white,100,g,130.0,2.69,28.17,0.28,0.4,USDA SR Legacy FDC 168878,True
Brown Rice Cooked,brown rice|cooked brown rice,100,g,112.0,2.32,23.51,0.83,1.8,USDA SR Legacy FDC 168875,True
Oats Dry,oats|dry oats|rolled oats,100,g,389.0,16.89,66.27,6.9,10.6,USDA SR Legacy FDC 169705,True
Oatmeal Cooked,oatmeal|cooked oats,100,g,88.0,1.98,17.91,0.95,1.3,USDA SR Legacy FDC 173908,True
Pasta Cooked,pasta|cooked pasta|spaghetti|cooked spaghetti,100,g,158.0,5.8,30.86,0.93,1.8,USDA SR Legacy FDC 168928,True
White Bread,white bread,100,g,238.0,10.66,43.91,2.15,9.2,USDA SR Legacy FDC 167532,True
Whole Wheat Bread,whole wheat bread|whole-wheat bread,100,g,262.0,9.8,55.89,1.71,6.1,USDA SR Legacy FDC 174916,True
Corn Tortilla,corn tortilla|corn tortillas,100,g,218.0,5.7,44.64,2.85,6.3,USDA SR Legacy FDC 175036,True
Flour Tortilla,flour tortilla|flour tortillas,100,g,297.0,8.01,49.27,7.58,2.4,USDA SR Legacy FDC 167535,True
Potato Raw,potato raw|raw potato,100,g,77.0,2.05,17.49,0.09,2.1,USDA SR Legacy FDC 170026,True
Potato Cooked,potato cooked|cooked potato,100,g,87.0,2.3,19.59,0.15,1.8,USDA SR Legacy FDC 170435,True
Sweet Potato Raw,sweet potato raw|raw sweet potato,100,g,86.0,1.57,20.12,0.05,3.0,USDA SR Legacy FDC 168482,True
Sweet Potato Cooked,sweet potato cooked|cooked sweet potato,100,g,76.0,1.37,17.72,0.14,2.5,USDA SR Legacy FDC 168484,True
Quinoa Cooked,quinoa|cooked quinoa,100,g,120.0,4.4,21.3,1.92,2.8,USDA SR Legacy FDC 168917,True
Black Beans Cooked,black beans|cooked black beans,100,g,132.0,8.86,23.71,0.54,8.7,USDA SR Legacy FDC 173735,True
Pinto Beans Cooked,pinto beans|cooked pinto beans,100,g,143.0,9.01,26.22,0.65,9.0,USDA SR Legacy FDC 175200,True
Kidney Beans Cooked,kidney beans|cooked kidney beans,100,g,127.0,8.67,22.8,0.5,7.4,USDA SR Legacy FDC 175194,True
Chickpeas Cooked,chickpeas|garbanzo beans,100,g,164.0,8.86,27.42,2.59,7.6,USDA SR Legacy FDC 173757,True
Lentils Cooked,lentils|cooked lentils,100,g,116.0,9.02,20.13,0.38,7.9,USDA SR Legacy FDC 172421,True
Banana Raw,banana|raw banana,100,g,89.0,1.09,22.84,0.33,2.6,USDA SR Legacy FDC 173944,True
Apple Raw,apple|raw apple,100,g,63.0,0.2,15.22,0.18,2.1,USDA SR Legacy FDC 167793,True
Orange Raw,orange|raw orange,100,g,47.0,0.94,11.75,0.12,2.4,USDA SR Legacy FDC 169097,True
Strawberry Raw,strawberry|raw strawberry,100,g,32.0,0.67,7.68,0.3,2.0,USDA SR Legacy FDC 167762,True
Blueberry Raw,blueberry|raw blueberry,100,g,57.0,0.74,14.49,0.33,2.4,USDA SR Legacy FDC 171711,True
Mango Raw,mango|raw mango,100,g,60.0,0.82,14.98,0.38,1.6,USDA SR Legacy FDC 169910,True
Grapes Raw,grapes|raw grapes,100,g,57.0,0.81,13.93,0.47,3.9,USDA SR Legacy FDC 173040,True
Pineapple Raw,pineapple|raw pineapple,100,g,50.0,0.54,13.12,0.12,1.4,USDA SR Legacy FDC 169124,True
Avocado Raw,avocado|raw avocado,100,g,160.0,2.0,8.53,14.66,6.7,USDA SR Legacy FDC 171705,True
Broccoli Raw,broccoli raw|raw broccoli,100,g,34.0,2.82,6.64,0.37,2.6,USDA SR Legacy FDC 170379,True
Broccoli Cooked,broccoli cooked|cooked broccoli,100,g,25.0,3.83,3.12,0.52,2.8,USDA SR Legacy FDC 170382,True
Asparagus Raw,asparagus raw|raw asparagus,100,g,20.0,2.2,3.88,0.12,2.1,USDA SR Legacy FDC 168389,True
Asparagus Cooked,asparagus cooked|cooked asparagus,100,g,22.0,2.4,4.11,0.22,2.0,USDA SR Legacy FDC 168390,True
Spinach Raw,spinach raw|raw spinach,100,g,23.0,2.86,3.63,0.39,2.2,USDA SR Legacy FDC 168462,True
Spinach Cooked,spinach cooked|cooked spinach,100,g,23.0,2.97,3.75,0.26,2.4,USDA SR Legacy FDC 170531,True
Carrot Raw,carrot raw|raw carrot,100,g,41.0,0.93,9.58,0.24,2.8,USDA SR Legacy FDC 170393,True
Carrot Cooked,carrot cooked|cooked carrot,100,g,35.0,0.76,8.22,0.18,3.0,USDA SR Legacy FDC 169339,True
Onion Raw,onion raw|raw onion,100,g,40.0,1.1,9.34,0.1,1.7,USDA SR Legacy FDC 170000,True
Onion Cooked,onion cooked|cooked onion,100,g,123.0,0.95,7.86,10.8,1.7,USDA SR Legacy FDC 170004,True
Tomato Raw,tomato raw|raw tomato,100,g,18.0,0.88,3.89,0.2,1.2,USDA SR Legacy FDC 170457,True
Tomato Cooked,tomato cooked|cooked tomato,100,g,18.0,0.95,4.01,0.11,0.7,USDA SR Legacy FDC 170050,True
Sweet Pepper Raw,sweet pepper raw|raw sweet pepper,100,g,26.0,0.99,6.03,0.3,2.1,USDA SR Legacy FDC 170108,True
Sweet Pepper Cooked,sweet pepper cooked|cooked sweet pepper,100,g,133.0,1.04,6.57,12.75,1.8,USDA SR Legacy FDC 168550,True
Green Beans Cooked,green beans|cooked green beans,100,g,35.0,1.89,7.88,0.28,3.2,USDA SR Legacy FDC 169141,True
Corn Cooked,corn|cooked corn,100,g,97.0,3.34,21.71,1.41,2.7,USDA SR Legacy FDC 168540,True
Peanut Butter,peanut butter|pb,100,g,598.0,22.21,22.31,51.36,5.0,USDA SR Legacy FDC 172470,True
Almonds,almond|almonds,100,g,579.0,21.15,21.55,49.93,12.5,USDA SR Legacy FDC 170567,True
Peanuts,peanut|peanuts,100,g,567.0,25.8,16.13,49.24,8.5,USDA SR Legacy FDC 172430,True
Walnuts,walnut|walnuts,100,g,654.0,15.23,13.71,65.21,6.7,USDA SR Legacy FDC 170187,True
Chia Seeds,chia|chia seed|chia seeds,100,g,486.0,16.54,42.12,30.74,34.4,USDA SR Legacy FDC 170554,True
