food_name,unit_name,unit_aliases,grams_per_unit
Fairlife Fat Free Milk,cup,cup|cups,240.0
Chicken Breast Raw,oz,oz|ounce|ounces,28.25
Chicken Breast Raw,piece,piece,272.0
Chicken Breast Raw,package,package,926.0
Chicken Breast Cooked,oz,oz|ounce|ounces,28.33
Chicken Breast Cooked,piece,piece,181.0
Chicken Thigh Raw,oz,oz|ounce|ounces,28.25
Chicken Thigh Raw,thigh without skin,thigh without skin,149.0
Chicken Thigh Cooked,"cup, chopped or diced","cup, chopped or diced",140.0
Chicken Thigh Cooked,unit (yield from 1 lb ready-to-cook chicken),unit (yield from 1 lb ready-to-cook chicken),33.0
Chicken Thigh Cooked,"thigh, bone and skin removed","thigh, bone and skin removed",55.0
Chicken Drumstick Raw,oz,oz|ounce|ounces,28.25
Chicken Drumstick Raw,drumstick  with skin,drumstick  with skin,130.0
Chicken Drumstick Raw,drumstick without skin,drumstick without skin,122.0
Chicken Drumstick Cooked,oz,oz|ounce|ounces,28.33
Chicken Drumstick Cooked,"drumstick, bone and skin removed","drumstick, bone and skin removed",46.0
Chicken Drumstick Cooked,"cup, chopped or diced","cup, chopped or diced",160.0
Chicken Drumstick Cooked,unit (yield from 1 lb ready-to-cook chicken),unit (yield from 1 lb ready-to-cook chicken),28.0
Chicken Wing Raw,"wing, bone and skin removed (yield from 1 lb ready-to-cook chicken)","wing, bone and skin removed (yield from 1 lb ready-to-cook chicken)",17.0
Chicken Wing Raw,"wing, bone and skin removed","wing, bone and skin removed",29.0
Chicken Wing Cooked,oz,oz|ounce|ounces,28.33
Chicken Wing Cooked,"cup, chopped or diced","cup, chopped or diced",140.0
Chicken Wing Cooked,unit (yield from 1 lb ready-to-cook chicken),unit (yield from 1 lb ready-to-cook chicken),14.0
Chicken Wing Cooked,"wing, bone and skin removed","wing, bone and skin removed",24.0
Turkey Breast Raw,oz,oz|ounce|ounces,28.25
Turkey Breast Raw,breast,breast,1769.0
Turkey Breast Cooked,oz,oz|ounce|ounces,28.33
Turkey Breast Cooked,breast,breast,1413.0
Ground Turkey 93/7 Raw,oz,oz|ounce|ounces,28.25
Ground Turkey 93/7 Raw,lb,lb,453.0
Ground Turkey 93/7 Raw,serving (cooked from 4 oz),serving (cooked from 4 oz),85.0
Ground Turkey 93/7 Cooked,oz,oz|ounce|ounces,28.33
Ground Beef 95/5 Raw,oz,oz|ounce|ounces,28.25
Ground Beef 95/5 Cooked,oz,oz|ounce|ounces,28.33
Beef Top Sirloin Raw,oz,oz|ounce|ounces,28.25
Beef Top Sirloin Raw,lb,lb,453.6
Beef Top Sirloin Cooked,oz,oz|ounce|ounces,28.33
Beef Top Sirloin Cooked,"piece, cooked, excluding refuse (yield from 1 lb raw meat with refuse)","piece, cooked, excluding refuse (yield from 1 lb raw meat with refuse)",292.0
Beef Tenderloin Raw,oz,oz|ounce|ounces,28.25
Beef Tenderloin Raw,lb,lb,453.6
Beef Tenderloin Cooked,oz,oz|ounce|ounces,28.33
Beef Tenderloin Cooked,lb,lb,453.6
Beef Ribeye Raw,oz,oz|ounce|ounces,28.25
Beef Ribeye Raw,steak,steak,256.0
Beef Ribeye Cooked,oz,oz|ounce|ounces,28.33
Beef Ribeye Cooked,steak,steak,209.0
Beef Chuck Raw,oz,oz|ounce|ounces,28.25
Beef Chuck Raw,lb,lb,453.6
Beef Chuck Cooked,oz ( 1 serving  ),oz ( 1 serving  ),28.33
Beef Chuck Cooked,lb,lb,453.6
Beef Round Raw,oz,oz|ounce|ounces,28.25
Beef Round Raw,lb,lb,453.6
Beef Round Cooked,oz,oz|ounce|ounces,28.33
Beef Round Cooked,"piece, cooked, excluding refuse (yield from 1 lb raw meat with refuse)","piece, cooked, excluding refuse (yield from 1 lb raw meat with refuse)",267.0
Beef Brisket Raw,oz,oz|ounce|ounces,28.25
Beef Brisket Raw,lb,lb,453.6
Beef Brisket Cooked,oz,oz|ounce|ounces,28.33
Beef Brisket Cooked,steak (yield from 418g raw meat),steak (yield from 418g raw meat),270.0
Pork Loin Raw,oz,oz|ounce|ounces,28.25
Pork Loin Raw,"chop, excluding refuse (yield from 1 raw chop, with refuse, weighing 151 g)","chop, excluding refuse (yield from 1 raw chop, with refuse, weighing 151 g)",106.0
Pork Loin Cooked,oz,oz|ounce|ounces,28.33
Pork Loin Cooked,"chop, excluding refuse (yield from 1 raw chop, with refuse, weighing 151 g)","chop, excluding refuse (yield from 1 raw chop, with refuse, weighing 151 g)",80.0
Pork Chop Raw,oz,oz|ounce|ounces,28.25
Pork Chop Raw,"chop without refuse (yield from 1 raw chop, with refuse, weighing 259g)","chop without refuse (yield from 1 raw chop, with refuse, weighing 259g)",178.0
Pork Chop Cooked,oz,oz|ounce|ounces,28.33
Pork Chop Cooked,chop,chop,187.0
Pork Tenderloin Raw,oz,oz|ounce|ounces,28.25
Pork Tenderloin Raw,lb,lb,453.6
Pork Tenderloin Raw,roast,roast,505.0
Pork Tenderloin Cooked,oz,oz|ounce|ounces,28.33
Pork Tenderloin Cooked,"piece, cooked, excluding refuse (yield from 1 lb raw meat with refuse)","piece, cooked, excluding refuse (yield from 1 lb raw meat with refuse)",333.0
Pork Tenderloin Cooked,roast,roast,402.0
Pork Shoulder Raw,oz,oz|ounce|ounces,28.35
Pork Shoulder Raw,lb,lb,453.6
Pork Shoulder Cooked,"cup, diced","cup, diced",135.0
Pork Shoulder Cooked,oz,oz|ounce|ounces,28.33
Salmon Raw,oz,oz|ounce|ounces,28.33
Salmon Raw,fillet,fillet,396.0
Salmon Cooked,oz,oz|ounce|ounces,28.33
Salmon Cooked,fillet,fillet,308.0
Tilapia Raw,fillet,fillet,116.0
Tilapia Cooked,fillet,fillet,87.0
Tuna Raw,"oz, boneless","oz, boneless",28.35
Tuna Raw,"cubic inch, boneless","cubic inch, boneless",16.0
Tuna Raw,oz,oz|ounce|ounces,28.33
Tuna Cooked,oz,oz|ounce|ounces,28.33
Shrimp Raw,medium,medium,6.0
Shrimp Raw,small,small,5.0
Shrimp Raw,oz,oz|ounce|ounces,28.33
Shrimp Raw,large,large,7.0
Shrimp Cooked,oz,oz|ounce|ounces,28.33
Shrimp Cooked,large,large,5.5
Cod Raw,oz,oz|ounce|ounces,28.33
Cod Raw,fillet,fillet,231.0
Cod Cooked,oz,oz|ounce|ounces,28.33
Cod Cooked,fillet,fillet,180.0
Egg Whole Raw,large,large,50.0
Egg Whole Raw,extra large,extra large,56.0
Egg Whole Raw,jumbo,jumbo,63.0
Egg Whole Raw,cup (4.86 large eggs),cup (4.86 large eggs),243.0
Egg Whole Raw,medium,medium,44.0
Egg Whole Raw,small,small,38.0
Egg Whole Cooked,large,"large|egg|eggs",50
Greek Yogurt Plain Lowfat,container (7 oz),container (7 oz),200.0
Cottage Cheese 1%,oz,oz|ounce|ounces,28.25
Cottage Cheese 1%,cup (not packed),cup (not packed),226.0
Cottage Cheese 2%,oz,oz|ounce|ounces,28.25
Cottage Cheese 2%,cup (not packed),cup (not packed),226.0
Cheddar Cheese,"cup, diced","cup, diced",132.0
Cheddar Cheese,"cup, melted","cup, melted",244.0
Cheddar Cheese,"cup, shredded","cup, shredded",113.0
Cheddar Cheese,oz,oz|ounce|ounces,28.35
Cheddar Cheese,cubic inch,cubic inch,17.0
Cheddar Cheese,slice (1 oz),slice (1 oz)|slice|slices,28.0
Mozzarella Whole Milk,"cup, shredded","cup, shredded",112.0
Mozzarella Whole Milk,oz,oz|ounce|ounces,28.35
Mozzarella Whole Milk,slices,slices|slice,28.33
Whole Milk,cup,cup|cups,244.0
Whole Milk,fl oz,fl oz,30.5
Whole Milk,tbsp,tbsp|tablespoon|tablespoons,15.0
Whole Milk,quart,quart,976.0
Milk 2%,cup,cup|cups,244.0
Milk 2%,fl oz,fl oz,30.5
Milk 2%,quart,quart,976.0
Milk 1%,cup,cup|cups,244.0
Milk 1%,quart,quart,976.0
Fat Free Milk,cup,cup|cups,247.0
Fat Free Milk,fl oz,fl oz,30.9
White Rice Cooked,cup,cup|cups,158.0
Brown Rice Cooked,cup,cup|cups,195.0
Oats Dry,cup,cup|cups,156.0
Oatmeal Cooked,cup,cup|cups,240.0
Oatmeal Cooked,tbsp,tbsp|tablespoon|tablespoons,15.0
Oatmeal Cooked,"packet, prepared","packet, prepared",158.0
Pasta Cooked,cup spaghetti not packed,cup spaghetti not packed,124.0
Pasta Cooked,cup spaghetti packed,cup spaghetti packed,151.0
Pasta Cooked,cup elbows not packed,cup elbows not packed,120.0
Pasta Cooked,cup elbows packed,cup elbows packed,132.0
Pasta Cooked,cup penne,cup penne,107.0
Pasta Cooked,cup rotini,cup rotini,107.0
Pasta Cooked,cup farfalle,cup farfalle,107.0
Pasta Cooked,cup shells,cup shells,105.0
Pasta Cooked,cup lasagne,cup lasagne,116.0
White Bread,slice,slice|slices,28.0
Whole Wheat Bread,"pita, large (6-1/2"" dia)","pita, large (6-1/2"" dia)",64.0
Whole Wheat Bread,"pita, small  (4"" dia)","pita, small  (4"" dia)",28.0
Corn Tortilla,oz,oz|ounce|ounces,28.35
Corn Tortilla,enchilada,enchilada,19.0
Corn Tortilla,tortilla,tortilla|tortillas,24.0
Flour Tortilla,tortilla,tortilla|tortillas,49.0
Flour Tortilla,package,package,484.0
Potato Raw,"cup, diced","cup, diced",150.0
Potato Raw,"potato large (3"" to 4-1/4"" dia)","potato large (3"" to 4-1/4"" dia)",369.0
Potato Raw,"potato medium (2-1/4"" to 3-1/4"" dia)","potato medium (2-1/4"" to 3-1/4"" dia)",213.0
Potato Raw,"potato small (1-3/4"" to 2-1/2"" dia)","potato small (1-3/4"" to 2-1/2"" dia)",170.0
Potato Cooked,"potato large (3"" to 4-1/4"" dia.","potato large (3"" to 4-1/4"" dia.",299.0
Potato Cooked,"potato medium (2-1/4"" to 3-1/4"" dia.)","potato medium (2-1/4"" to 3-1/4"" dia.)",173.0
Potato Cooked,"potato small (1-3/4"" to 2-1/2"" dia.)","potato small (1-3/4"" to 2-1/2"" dia.)",138.0
Sweet Potato Raw,"cup, cubes","cup, cubes",133.0
Sweet Potato Raw,"sweetpotato, 5"" long","sweetpotato, 5"" long",130.0
Sweet Potato Cooked,"cup, mashed","cup, mashed",328.0
Sweet Potato Cooked,medium,medium,151.0
Quinoa Cooked,cup,cup|cups,185.0
Black Beans Cooked,cup,cup|cups,172.0
Pinto Beans Cooked,cup,cup|cups,171.0
Pinto Beans Cooked,tbsp,tbsp|tablespoon|tablespoons,10.6
Kidney Beans Cooked,cup,cup|cups,177.0
Kidney Beans Cooked,tbsp,tbsp|tablespoon|tablespoons,11.0
Chickpeas Cooked,cup,cup|cups,164.0
Lentils Cooked,cup,cup|cups,198.0
Lentils Cooked,tbsp,tbsp|tablespoon|tablespoons,12.3
Banana Raw,"cup, mashed","cup, mashed",225.0
Banana Raw,"cup, sliced","cup, sliced",150.0
Banana Raw,"extra small (less than 6"" long)","extra small (less than 6"" long)",81.0
Banana Raw,"small (6"" to 6-7/8"" long)","small (6"" to 6-7/8"" long)",101.0
Banana Raw,"medium (7"" to 7-7/8"" long)","medium (7"" to 7-7/8"" long)|medium",118.0
Banana Raw,"large (8"" to 8-7/8"" long)","large (8"" to 8-7/8"" long)",136.0
Banana Raw,"extra large (9"" or longer)","extra large (9"" or longer)",152.0
Banana Raw,nlea serving,nlea serving,126.0
Apple Raw,"cup, sliced","cup, sliced",109.0
Apple Raw,large,large,236.0
Apple Raw,medium,medium,192.0
Apple Raw,small,small,158.0
Orange Raw,"cup, sections","cup, sections",180.0
Orange Raw,"large (3-1/16"" dia)","large (3-1/16"" dia)",184.0
Orange Raw,"small (2-3/8"" dia)","small (2-3/8"" dia)",96.0
Orange Raw,"fruit (2-5/8"" dia)","fruit (2-5/8"" dia)",131.0
Strawberry Raw,"cup, halves","cup, halves",152.0
Strawberry Raw,"cup, pureed","cup, pureed",232.0
Strawberry Raw,"cup, sliced","cup, sliced",166.0
Strawberry Raw,"cup, whole","cup, whole",144.0
Strawberry Raw,"extra large (1-5/8"" dia)","extra large (1-5/8"" dia)",27.0
Strawberry Raw,"large (1-3/8"" dia)","large (1-3/8"" dia)",18.0
Strawberry Raw,"medium (1-1/4"" dia)","medium (1-1/4"" dia)|medium",12.0
Strawberry Raw,"pint as purchased, yields","pint as purchased, yields",357.0
Strawberry Raw,"small (1"" dia)","small (1"" dia)",7.0
Strawberry Raw,nlea serving,nlea serving,147.0
Blueberry Raw,cup,cup|cups,148.0
Blueberry Raw,berries,berries,1.36
Mango Raw,cup pieces,cup pieces,165.0
Mango Raw,fruit without refuse,fruit without refuse,336.0
Grapes Raw,grape,grape,6.0
Pineapple Raw,"cup, chunks","cup, chunks",165.0
Pineapple Raw,fruit,fruit,905.0
Pineapple Raw,"slice (4-2/3"" dia x 3/4"" thick)","slice (4-2/3"" dia x 3/4"" thick)|slice|slices",166.0
Pineapple Raw,"slice (3-1/2"" dia x 3/4"" thick)","slice (3-1/2"" dia x 3/4"" thick)|slice|slices",84.0
Pineapple Raw,"slice, thin (3-1/2"" dia x 1/2"" thick)","slice, thin (3-1/2"" dia x 1/2"" thick)|slice|slices",56.0
Avocado Raw,"cup, cubes","cup, cubes",150.0
Avocado Raw,"cup, pureed","cup, pureed",230.0
Avocado Raw,"cup, sliced","cup, sliced",146.0
Avocado Raw,"avocado, ns as to florida or california","avocado, ns as to florida or california",201.0
Avocado Raw,nlea serving,nlea serving,50.0
Broccoli Raw,cup chopped,cup chopped,91.0
Broccoli Raw,bunch,bunch,608.0
Broccoli Raw,"spear (about 5"" long)","spear (about 5"" long)",31.0
Broccoli Raw,stalk,stalk,151.0
Broccoli Raw,"cup, chopped or diced","cup, chopped or diced",88.0
Broccoli Raw,nlea serving,nlea serving,148.0
Broccoli Cooked,nlea serving,nlea serving,85.0
Broccoli Cooked,bunch cooked,bunch cooked,437.0
Asparagus Raw,cup,cup|cups,134.0
Asparagus Raw,"spear, small (5"" long or less)","spear, small (5"" long or less)",12.0
Asparagus Raw,"spear, medium (5-1/4"" to 7"" long)","spear, medium (5-1/4"" to 7"" long)",16.0
Asparagus Raw,"spear, large (7-1/4"" to 8-1/2"")","spear, large (7-1/4"" to 8-1/2"")",20.0
Asparagus Raw,"spear, extra large (8-3/4"" to 10"" long)","spear, extra large (8-3/4"" to 10"" long)",24.0
Asparagus Raw,"spear tip (2"" long or less)","spear tip (2"" long or less)",3.5
Asparagus Cooked,cup,cup|cups,180.0
Asparagus Cooked,"spears (1/2"" base)","spears (1/2"" base)",15.0
Spinach Raw,cup,cup|cups,30.0
Spinach Raw,bunch,bunch,340.0
Spinach Raw,leaf,leaf,10.0
Spinach Raw,package (10 oz),package (10 oz),284.0
Spinach Cooked,cup,cup|cups,180.0
Carrot Raw,cup chopped,cup chopped,128.0
Carrot Raw,cup grated,cup grated,110.0
Carrot Raw,cup strips or slices,cup strips or slices,122.0
Carrot Raw,"large (7-1/4"" to 8-/1/2"" long)","large (7-1/4"" to 8-/1/2"" long)",72.0
Carrot Raw,medium,medium,61.0
Carrot Raw,"small (5-1/2"" long)","small (5-1/2"" long)",50.0
Carrot Raw,slice,slice|slices,3.0
Carrot Raw,"strip large (3"" long)","strip large (3"" long)",7.0
Carrot Raw,strip medium,strip medium,4.0
Carrot Cooked,tbsp,tbsp|tablespoon|tablespoons,9.7
Carrot Cooked,cup slices,cup slices,156.0
Carrot Cooked,carrot,carrot,46.0
Onion Raw,"cup, chopped","cup, chopped",160.0
Onion Raw,"cup, sliced","cup, sliced",115.0
Onion Raw,tbsp chopped,tbsp chopped,10.0
Onion Raw,large,large,150.0
Onion Raw,"slice, large (1/4"" thick)","slice, large (1/4"" thick)|slice|slices",38.0
Onion Raw,"medium (2-1/2"" dia)","medium (2-1/2"" dia)|medium",110.0
Onion Raw,"slice, medium (1/8"" thick)","slice, medium (1/8"" thick)|slice|slices",14.0
Onion Raw,small,small,70.0
Onion Raw,"slice, thin","slice, thin|slice|slices",9.0
Onion Raw,rings,rings,6.0
Onion Cooked,cup chopped,cup chopped,87.0
Tomato Raw,cup cherry tomatoes,cup cherry tomatoes,149.0
Tomato Raw,"cup, chopped or sliced","cup, chopped or sliced",180.0
Tomato Raw,italian tomato,italian tomato,62.0
Tomato Raw,cherry,cherry,17.0
Tomato Raw,"large whole (3"" dia)","large whole (3"" dia)",182.0
Tomato Raw,"medium whole (2-3/5"" dia)","medium whole (2-3/5"" dia)|medium",123.0
Tomato Raw,"slice, medium (1/4"" thick)","slice, medium (1/4"" thick)|slice|slices",20.0
Tomato Raw,plum tomato,plum tomato,62.0
Tomato Raw,"small whole (2-2/5"" dia)","small whole (2-2/5"" dia)",91.0
Tomato Raw,"slice, thick/large (1/2"" thick)","slice, thick/large (1/2"" thick)|slice|slices",27.0
Tomato Raw,wedge (1/4 of medium tomato),wedge (1/4 of medium tomato),31.0
Tomato Raw,"slice, thin/small","slice, thin/small|slice|slices",15.0
Tomato Raw,nlea serving,nlea serving,148.0
Tomato Cooked,cup,cup|cups,240.0
Tomato Cooked,medium,medium,123.0
Sweet Pepper Raw,"cup, chopped","cup, chopped",149.0
Sweet Pepper Raw,"cup, sliced","cup, sliced",92.0
Sweet Pepper Raw,tablespoon,tablespoon,9.3
Sweet Pepper Raw,"large (2-1/4 per pound, approx 3-3/4"" long, 3"" dia.)","large (2-1/4 per pound, approx 3-3/4"" long, 3"" dia.)",164.0
Sweet Pepper Raw,"medium (approx 2-3/4"" long, 2-1/2 dia.)","medium (approx 2-3/4"" long, 2-1/2 dia.)|medium",119.0
Sweet Pepper Raw,small,small,74.0
Sweet Pepper Raw,"ring (3"" dia., 1/4"" thick)","ring (3"" dia., 1/4"" thick)",10.0
Sweet Pepper Cooked,cup chopped,cup chopped,106.0
Green Beans Cooked,cup,cup|cups,125.0
Corn Cooked,"ear, small (5-1/2"" to 6-1/2"" long)","ear, small (5-1/2"" to 6-1/2"" long)",89.0
Corn Cooked,"ear, medium (6-3/4"" to 7-1/2"" long)","ear, medium (6-3/4"" to 7-1/2"" long)",103.0
Corn Cooked,"ear, large (7-3/4"" to 9"" long)","ear, large (7-3/4"" to 9"" long)",118.0
Corn Cooked,cup cut,cup cut,157.0
Corn Cooked,"ear, yields","ear, yields",77.0
Peanut Butter,tbsp,tbsp|tablespoon|tablespoons,16.0
Peanut Butter,cup,cup|cups,258.0
Almonds,"cup, whole","cup, whole",143.0
Almonds,"cup, sliced","cup, sliced",92.0
Almonds,"cup, slivered","cup, slivered",108.0
Almonds,"cup, ground","cup, ground",95.0
Almonds,oz (23 whole kernels),oz (23 whole kernels),28.35
Almonds,almond,almond,1.2
Peanuts,oz,oz|ounce|ounces,28.35
Peanuts,cup,cup|cups,146.0
Walnuts,"cup, chopped","cup, chopped",117.0
Walnuts,"cup, ground","cup, ground",80.0
Walnuts,"cup, in shell, edible yield (7 nuts)","cup, in shell, edible yield (7 nuts)",28.0
Walnuts,cup shelled (50 halves),cup shelled (50 halves),100.0
Walnuts,cup pieces or chips,cup pieces or chips,120.0
Walnuts,oz (14 halves),oz (14 halves),28.35
Chia Seeds,oz,oz|ounce|ounces,28.35
Greek Yogurt Plain Nonfat,cup,"cup|cups",245